{
  "_fv": 73,
  "_type": "recipe",
  "definition": {
    "recipeType": "Crafting",
    "recipeRetstackSize": 2,
    "group": "",
    "cookingBookCategory": "MISC",
    "xpReward": 0.0,
    "cookingTime": 200,
    "craftingBookCategory": "MISC",
    "recipeShapeless": false,
    "recipeSlots": [
      {
        "value": "Items.PAPER"
      },
      {
        "value": "Items.PAPER"
      },
      {
        "value": "Items.DYE#14"
      },
      {
        "value": "CUSTOM:Tablogo"
      },
      {
        "value": "CUSTOM:Tablogo"
      },
      {
        "value": "CUSTOM:Tablogo"
      },
      {
        "value": "Items.PAPER"
      },
      {
        "value": "Items.PAPER"
      },
      {
        "value": "Items.DYE#14"
      }
    ],
    "recipeReturnStack": {
      "value": "CUSTOM:Cigarette"
    },
    "name": "cigarecipe",
    "namespace": "mod"
  }
}