{
  "type": "minecraft:block",
  "pools": [
    {
      "rolls": {
        "min": 1,
        "max": 5
      },
      "bonus_rolls": {
        "min": 1,
        "max": 10
      },
      "entries": [
        {
          "type": "minecraft:item",
          "name": "vilhelmlaugemod:tobakko",
          "weight": 1,
          "functions": [
            {
              "function": "minecraft:set_count",
              "count": {
                "min": 1,
                "max": 1
              }
            }
          ]
        }
      ]
    }
  ],
  "random_sequence": "vilhelmlaugemod:blocks/leaves"
}