{
  "type": "minecraft:block",
  "random_sequence": "vilhelmlaugemod:blocks/tobaccoplant",
  "pools": [
    {
      "rolls": 1.0,
      "entries": [
        {
          "type": "minecraft:item",
          "name": "vilhelmlaugemod:tobakko",
          "conditions": [
            {
              "block": "vilhelmlaugemod:tobaccoplant",
              "condition": "minecraft:block_state_property",
              "properties": {
                "half": "lower"
              }
            }
          ],
          "functions": [
            {
              "count": 3,
              "function": "minecraft:set_count"
            },
            {
              "function": "minecraft:explosion_decay"
            }
          ]
        }
      ]
    }
  ]
}